store_sid,store_master_code,store_last_code,store_last_name,channel_sid,customer_sid,country,region,province,city,store_type,short_name,space,b1_wh,store_branch_type,ship_to_type,b1_code,store_id,replenishment_arrival_date,location_id,open_date,last_dis_manager,status,hdetl_date,update_date,process_log_id,area,cluster,close_date,sit_code,comp_keep,source_sys,sap_customer_code,store_local_name,address1,address2,phone1,zip,phone2,store_no,subchannel
47,TWN_0214,DSBH_TWN_0214,Taichung West Sogo Guangsan DS,2,22,Taiwan,APAC,Taiwan,Taichung,BH,0214,110.4000,,,,,,,,2014-12-03 00:00:00,Judith chen,Close,2025-02-17 13:33:26.109554,2025-02-17 05:35:13.173347,-1,110.4000,C,2023-07-17 00:00:00,,,Data_Collect_TW : store_20250217.csv,0013163268,,,,,,,,
178,TWN_0587,DSBH_TWN_0587R,Chaiyi West Chungshan SF,2,22,Taiwan,APAC,Taiwan,Chiayi,BH,0587,157.0000,,,,,,,,2016-01-08 00:00:00,Judith chen,Open,2025-02-17 13:33:26.109554,2025-02-17 05:35:13.173347,-1,157.0000,C,9999-12-31 00:00:00,,,Data_Collect_TW : store_20250217.csv,0013163268,,,,,,,,
122,TWN_0393,DSBH_TWN_0393,Taipei Shilin SOGO DS,2,22,Taiwan,APAC,Taiwan,Taipei,BH,0393,98.2000,,,,,,,,2015-12-28 00:00:00,Judith chen,Open,2025-02-17 13:33:26.109554,2025-02-17 05:35:13.173347,-1,98.2000,C,9999-12-31 00:00:00,,,Data_Collect_TW : store_20250217.csv,0013163268,,,,,,,,
321,TWN_0975,DSFH_TWN_0975," Taichung Beitun Chongde FH",2,22,Taiwan,APAC,Taiwan,Taichung,FH,0975,510.0000,,,,,,,,2017-09-21 00:00:00,Judith chen,Open,2025-02-17 13:33:26.109554,2025-02-17 05:35:13.173347,-1,510.0000,C,9999-12-31 00:00:00,,,Data_Collect_TW : store_20250217.csv,0013163268,,,,,,,,
189,TWN_0607,DSBH_TWN_0607,Kaohsiung Zuoying Yucheng SF,2,22,Taiwan,APAC,Taiwan,Kaohsiung,BH,0607,297.6000,,,,,,,,2016-09-29 00:00:00,Judith chen,Open,2025-02-17 13:33:26.109554,2025-02-17 05:35:13.173347,-1,297.6000,C,9999-12-31 00:00:00,,,Data_Collect_TW : store_20250217.csv,0013163268,,,,,,,,
370,TWN_0541,DSBH_TWN_0541,Taoyuan Luzhu Taimall DS,2,22,Taiwan,APAC,Taiwan,Taoyuan,BH,0541,132.6000,,,,,,,,2016-08-05 00:00:00,Judith chen,Open,2025-02-17 13:33:26.109554,2025-02-17 05:35:13.173347,-1,132.6000,C,9999-12-31 00:00:00,,,Data_Collect_TW : store_20250217.csv,0013163268,,,,,,,,
242,TWN_0687,DSFH_TWN_0687,Taipei City Neihu Leeco FH,2,22,Taiwan,APAC,Taiwan,Taipei,FH,0687,102.4000,,,,,,,,2017-06-01 00:00:00,Judith chen,close,2025-02-17 13:33:26.109554,2025-02-17 05:35:13.173347,-1,102.4000,C,2021-06-27 00:00:00,,,Data_Collect_TW : store_20250217.csv,0013163268,,,,,,,,
373,TWN_0735,DSBH_TWN_0735,Kaohsiung Juejiang Feng Shan SF,2,22,Taiwan,APAC,Taiwan,Kaohsiung,BH,0735,284.4000,,,,,,,,2017-12-19 00:00:00,Judith chen,Open,2025-02-17 13:33:26.109554,2025-02-17 05:35:13.173347,-1,284.4000,C,9999-12-31 00:00:00,,,Data_Collect_TW : store_20250217.csv,0013163268,,,,,,,,
278,TWN_0833,DSBH_TWN_0833,Taichung Xitun M Square SF,2,22,Taiwan,APAC,Taiwan,Taichung,BH,0833,338.6000,,,,,,,,2017-06-21 00:00:00,Judith chen,Close,2025-02-17 13:33:26.109554,2025-02-17 05:35:13.173347,-1,338.6000,C,2023-12-12 00:00:00,,,Data_Collect_TW : store_20250217.csv,0013163268,,,,,,,,
398,TWN_1078,DSBH_TWN_1078,Haulien Chungcheng SF,2,22,Taiwan,APAC,Taiwan,Hualien,BH,1078,228.6000,,,,,,,,2018-02-22 00:00:00,Judith chen,Open,2025-02-17 13:33:26.109554,2025-02-17 05:35:13.173347,-1,228.6000,C,9999-12-31 00:00:00,,,Data_Collect_TW : store_20250217.csv,0013163268,,,,,,,,
311,TWN_0906,DSBH_TWN_0906,Tainan Zhongshan Gate City  Store SF,2,22,Taiwan,APAC,Taiwan,Tainan,BH,0906,376.9000,,,,,,,,2017-07-22 00:00:00,Judith chen,Close,2025-02-17 13:33:26.109554,2025-02-17 05:35:13.173347,-1,376.9000,C,2024-03-10 00:00:00,,,Data_Collect_TW : store_20250217.csv,0013163268,,,,,,,,
627,TWN_1324,DSFH_TWN_1324,Taichung Wuchi Mitsui FH,2,22,Taiwan,APAC,Taiwan,Taichung,FH,1324,380.7000,,,,,7Q11,,,2018-11-29 00:00:00,Judith chen,Open,2025-02-17 13:33:26.109554,2025-02-17 05:35:13.173347,-1,380.7000,C,9999-12-31 00:00:00,,,Data_Collect_TW : store_20250217.csv,0013163268,,,,,,,,
312,TWN_0907,DSBH_TWN_0907,Taoyuan Chungyue SF,2,22,Taiwan,APAC,Taiwan,Taoyuan,BH,0907,656.2000,,,,,,,,2017-10-10 00:00:00,Judith chen,Close,2025-02-17 13:33:26.109554,2025-02-17 05:35:13.173347,-1,656.2000,C,2022-05-18 00:00:00,,,Data_Collect_TW : store_20250217.csv,0013163268,,,,,,,,
1946,TWN_1756,DSBH_TWN_1756,Xin Yi Uni Present DS,2,22,Taiwan,APAC,Taiwan,Taipei,BH,1756,134.0000,,,,,,,,2020-03-12 00:00:00,Judith chen,Open,2025-02-17 13:33:26.109554,2025-02-17 05:35:13.173347,-1,134.0000,C,9999-12-31 00:00:00,,,Data_Collect_TW : store_20250217.csv,0013163268,,,,,,,,
367,TWN_0630,DSBH_TWN_0630R,Kaohsiung IH Chiancheng Dreammall SM - Relocation DS,2,22,Taiwan,APAC,Taiwan,Kaohsiung,BH,0630,283.1000,,,,,,,,2017-10-28 00:00:00,Judith chen,Open,2025-02-17 13:33:26.109554,2025-02-17 05:35:13.173347,-1,283.1000,C,9999-12-31 00:00:00,,,Data_Collect_TW : store_20250217.csv,0013163268,,,,,,,,
1048,150000022,150000022,EC-Brand SITE TW,1,23,Taiwan,,,,EC-TW,EC-Brand SITE TW,0.0000,,,,,,,,2010-01-01 00:00:00,,closed,2025-02-17 05:34:19,2025-02-17 05:35:13.173347,-1,0.0000,,2021-03-31 00:00:00,,,EC_UBH : TableName:UBH_DIM_STORE_EC,,,,,,,,,
382,TWN_1014,DSFH_TWN_1014,Kaohsiung Nanzi FH,2,22,Taiwan,APAC,Taiwan,Kaohsiung,FH,1014,755.5000,,,,,,,,2018-02-10 00:00:00,Judith chen,Open,2025-02-17 13:33:26.109554,2025-02-17 05:35:13.173347,-1,755.5000,C,9999-12-31 00:00:00,,,Data_Collect_TW : store_20250217.csv,0013163268,,,,,,,,
13,TWN_0151,DSBH_TWN_0151E,"Taipei Daan Chungxiao SOGO DS  ",2,22,Taiwan,APAC,Taiwan,Taipei,BH,0151,57.9000,,,,,,,,2015-10-15 00:00:00,Judith chen,Open,2025-02-17 13:33:26.109554,2025-02-17 05:35:13.173347,-1,57.9000,C,9999-12-31 00:00:00,,,Data_Collect_TW : store_20250217.csv,0013163268,,,,,,,,
391,TWN_1065,DSBH_TWN_1065,Taichung Yichung Taiping SF,2,22,Taiwan,APAC,Taiwan,Taichung,BH,1065,381.3000,,,,,,,,2017-12-22 00:00:00,Judith chen,Open,2025-02-17 13:33:26.109554,2025-02-17 05:35:13.173347,-1,381.3000,C,9999-12-31 00:00:00,,,Data_Collect_TW : store_20250217.csv,0013163268,,,,,,,,
24,TWN_0172,DSBH_TWN_0172R,Taichung North Chungyo DS Relocation DS,2,22,Taiwan,APAC,Taiwan,Taichung,BH,0172,114.0000,,,,,,,,2016-07-16 00:00:00,Judith chen,Open,2025-02-17 13:33:26.109554,2025-02-17 05:35:13.173347,-1,114.0000,C,9999-12-31 00:00:00,,,Data_Collect_TW : store_20250217.csv,0013163268,,,,,,,,
3043,TWN_2072,DSFH_TWN_2072,Tainan Mitsui FH,2,22,Taiwan,,Taiwan,Tainan,FH,2072,288.6000,,,,,,,,2022-02-16 00:00:00,Judith chen,Open,2025-02-17 13:33:26.109554,2025-02-17 05:35:13.173347,-1,288.6000,,9999-12-31 00:00:00,,,Data_Collect_TW : store_20250217.csv,,,,,,,,,
192,TWN_0611,DSBH_TWN_0611,New Taipei Panchiao Far Eastern Mega City DS,2,22,Taiwan,APAC,Taiwan,Taipei,BH,0611,113.9000,,,,,,,,2016-09-14 00:00:00,Judith chen,Open,2025-02-17 13:33:26.109554,2025-02-17 05:35:13.173347,-1,113.9000,C,9999-12-31 00:00:00,,,Data_Collect_TW : store_20250217.csv,0013163268,,,,,,,,
12,TWN_0148,DSBH_TWN_0148R,Hsinchu East Far Eastern Big city DS,2,22,Taiwan,APAC,Taiwan,Hsinchu,BH,0148,98.2000,,,,,,,,2014-03-07 00:00:00,Judith chen,Open,2025-02-17 13:33:26.109554,2025-02-17 05:35:13.173347,-1,98.2000,C,9999-12-31 00:00:00,,,Data_Collect_TW : store_20250217.csv,0013163268,,,,,,,,
333,TWN_0989,DSBH_TWN_0989,Hsinchu Far Eastern Mega City DS,2,22,Taiwan,APAC,Taiwan,Hsinchu,BH,0989,137.7000,,,,,,,,2017-10-10 00:00:00,Judith chen,Open,2025-02-17 13:33:26.109554,2025-02-17 05:35:13.173347,-1,137.7000,C,9999-12-31 00:00:00,,,Data_Collect_TW : store_20250217.csv,0013163268,,,,,,,,
191,TWN_0610,DSBH_TWN_0610,Taipei Ximending Wuchang SF,2,22,Taiwan,APAC,Taiwan,Taipei,BH,0610,254.6000,,,,,,,,2016-11-04 00:00:00,Judith chen,Close,2025-02-17 13:33:26.109554,2025-02-17 05:35:13.173347,-1,254.6000,C,2021-05-17 00:00:00,,,Data_Collect_TW : store_20250217.csv,0013163268,,,,,,,,
379,TWN_0917,DSBH_TWN_0917,Keelung ESquare SM,2,22,Taiwan,APAC,Taiwan,Keelung,BH,0917,260.6000,,,,,,,,2018-02-14 00:00:00,Judith chen,Open,2025-02-17 13:33:26.109554,2025-02-17 05:35:13.173347,-1,260.6000,C,9999-12-31 00:00:00,,,Data_Collect_TW : store_20250217.csv,0013163268,,,,,,,,
3767,UA_COM,TWN_UA_COM,UA COM,2,0,Taiwan,,,,EC-TW,UA COM,0.0000,,,,,,,,2021-04-09 00:00:00,,open,2025-02-17 05:34:19,2025-02-17 05:35:13.173347,-1,0.0000,,9999-12-31 00:00:00,,,EC_UBH : TableName:UBH_DIM_STORE_EC,,,,,,,,,
1948,TWN_0629,DSBH_TWN_0629R,Taipei Chungshan Miramar DS,2,22,Taiwan,APAC,Taiwan,Taipei,BH,0629,118.6000,,,,,,,,2016-09-23 00:00:00,Judith chen,Open,2025-02-17 13:33:26.109554,2025-02-17 05:35:13.173347,-1,118.6000,C,9999-12-31 00:00:00,,,Data_Collect_TW : store_20250217.csv,0013163268,,,,,,,,
6,TWN_0129,DSBH_TWN_0129,Taichung Xitun Far Eastern Top City DS,2,22,Taiwan,APAC,Taiwan,Taichung,BH,0129,93.8500,,,,,,,,2013-09-20 00:00:00,Judith chen,Open,2025-02-17 13:33:26.109554,2025-02-17 05:35:13.173347,-1,93.8500,C,9999-12-31 00:00:00,,,Data_Collect_TW : store_20250217.csv,0013163268,,,,,,,,
11,TWN_0142,DSBH_TWN_0142,Taipei Daan Chungxiao SF,2,22,Taiwan,APAC,Taiwan,Taipei,BH,0142,191.0000,,,,,,,,2013-12-30 00:00:00,Judith chen,Open,2025-02-17 13:33:26.109554,2025-02-17 05:35:13.173347,-1,191.0000,C,9999-12-31 00:00:00,,,Data_Collect_TW : store_20250217.csv,0013163268,,,,,,,,
58,TWN_0241,DSBH_TWN_0241,Taipei Datong Q Square DS,2,22,Taiwan,APAC,Taiwan,Taipei,BH,0241,121.0000,,,,,,,,2015-03-14 00:00:00,Judith chen,Open,2025-02-17 13:33:26.109554,2025-02-17 05:35:13.173347,-1,121.0000,C,9999-12-31 00:00:00,,,Data_Collect_TW : store_20250217.csv,0013163268,,,,,,,,
14,TWN_0152,DSBH_TWN_0152R,Taichung Xitun Mitsukoshi DS,2,22,Taiwan,APAC,Taiwan,Taichung,BH,0152,172.3000,,,,,,,,2016-09-07 00:00:00,Judith chen,Open,2025-02-17 13:33:26.109554,2025-02-17 05:35:13.173347,-1,172.3000,C,9999-12-31 00:00:00,,,Data_Collect_TW : store_20250217.csv,0013163268,,,,,,,,
206,TWN_0637,DSFH_TWN_0637,Taoyuan Chungli Gloria FH,2,22,Taiwan,APAC,Taiwan,Taoyuan,FH,0637,370.9000,,,,,,,,2015-12-17 00:00:00,Judith chen,Open,2025-02-17 13:33:26.109554,2025-02-17 05:35:13.173347,-1,370.9000,C,9999-12-31 00:00:00,,,Data_Collect_TW : store_20250217.csv,0013163268,,,,,,,,
28,TWN_0178,DSBH_TWN_0178R,Taipei Songshan Bade SF,2,22,Taiwan,APAC,Taiwan,Taipei,BH,0178,268.4700,,,,,,,,2014-07-19 00:00:00,Judith chen,Open,2025-02-17 13:33:26.109554,2025-02-17 05:35:13.173347,-1,268.4700,C,9999-12-31 00:00:00,,,Data_Collect_TW : store_20250217.csv,0013163268,,,,,,,,
288,TWN_0850,DSBH_TWN_0850,Tainan City Anpin Store SF,2,22,Taiwan,APAC,Taiwan,Tainan,BH,0850,496.2000,,,,,,,,2017-06-19 00:00:00,Judith chen,Open,2025-02-17 13:33:26.109554,2025-02-17 05:35:13.173347,-1,496.2000,C,9999-12-31 00:00:00,,,Data_Collect_TW : store_20250217.csv,0013163268,,,,,,,,
39,TWN_0200,DSBH_TWN_0200R,Taipei Xinyi Mitsukoshi A11 DS,2,22,Taiwan,APAC,Taiwan,Taipei,BH,0200,82.3100,,,,,,,,2017-04-15 00:00:00,Judith chen,Open,2025-02-17 13:33:26.109554,2025-02-17 05:35:13.173347,-1,82.3100,C,9999-12-31 00:00:00,,,Data_Collect_TW : store_20250217.csv,0013163268,,,,,,,,
33,TWN_0192,DSBH_TWN_0192,Kaohsiung Zuoying Mitsukoshi DS,2,22,Taiwan,APAC,Taiwan,Kaohsiung,BH,0192,102.5000,,,,,,,,2014-09-06 00:00:00,Judith chen,Open,2025-02-17 13:33:26.109554,2025-02-17 05:35:13.173347,-1,102.5000,C,9999-12-31 00:00:00,,,Data_Collect_TW : store_20250217.csv,0013163268,,,,,,,,
40,TWN_0205,DSFH_TWN_0205,Kaohsiung Dashu E-DA FH,2,22,Taiwan,APAC,Taiwan,Kaohsiung,FH,0205,127.9000,,,,,,,,2014-10-27 00:00:00,Judith chen,Open,2025-02-17 13:33:26.109554,2025-02-17 05:35:13.173347,-1,127.9000,C,9999-12-31 00:00:00,,,Data_Collect_TW : store_20250217.csv,0013163268,,,,,,,,
128,TWN_0408,DSBH_TWN_0408,Taipei Daan Daan SF,2,22,Taiwan,APAC,Taiwan,Taipei,BH,0408,491.0000,,,,,,,,2016-03-24 00:00:00,Judith chen,Open,2025-02-17 13:33:26.109554,2025-02-17 05:35:13.173347,-1,491.0000,C,9999-12-31 00:00:00,,,Data_Collect_TW : store_20250217.csv,0013163268,,,,,,,,
50,TWN_0219,DSBH_TWN_0219,Kaohsiung Lingya Far Eastern DS,2,22,Taiwan,APAC,Taiwan,Kaohsiung,BH,0219,72.0000,,,,,,,,2014-12-25 00:00:00,Judith chen,Close,2025-02-17 13:33:26.109554,2025-02-17 05:35:13.173347,-1,72.0000,C,2023-05-22 00:00:00,,,Data_Collect_TW : store_20250217.csv,0013163268,,,,,,,,
426,TWN_1159,DSBH_TWN_1159,Taipei Ximending Cheng Du SF,2,22,Taiwan,APAC,Taiwan,Taipei,BH,1159,358.7100,,,,,,,,2018-04-04 00:00:00,Judith chen,Open,2025-02-17 13:33:26.109554,2025-02-17 05:35:13.173347,-1,358.7100,C,9999-12-31 00:00:00,,,Data_Collect_TW : store_20250217.csv,0013163268,,,,,,,,
105,TWN_0361,DSBH_TWN_0361,Tainan West Central Mitsukoshi Ximen DS,2,22,Taiwan,APAC,Taiwan,Tainan,BH,0361,111.9000,,,,,,,,2015-10-23 00:00:00,Judith chen,Open,2025-02-17 13:33:26.109554,2025-02-17 05:35:13.173347,-1,111.9000,C,9999-12-31 00:00:00,,,Data_Collect_TW : store_20250217.csv,0013163268,,,,,,,,
1945,TWN_0632,DSBH_TWN_0632,New Taipei  Chungho Globalmall DS,2,22,Taiwan,APAC,Taiwan,Taipei,BH,0632,91.8000,,,,,,,,2013-09-13 00:00:00,Judith chen,Open,2025-02-17 13:33:26.109554,2025-02-17 05:35:13.173347,-1,91.8000,C,9999-12-31 00:00:00,,,Data_Collect_TW : store_20250217.csv,0013163268,,,,,,,,
380,TWN_0966,DSFH_TWN_0966,New Taipei City Chungho Nan Shan Power Center FH,2,22,Taiwan,APAC,Taiwan,Taipei,FH,0966,638.3000,,,,,,,,2017-12-28 00:00:00,Judith chen,Close,2025-02-17 13:33:26.109554,2025-02-17 05:35:13.173347,-1,638.3000,C,2021-08-22 00:00:00,,,Data_Collect_TW : store_20250217.csv,0013163268,,,,,,,,
2115,TWN_0540,DSBH_TWN_0540,Kaohsiung Xinxing Chungshan SF,2,22,Taiwan,APAC,Taiwan,Kaohsiung,BH,0540,371.1000,,,,,,,,2020-08-07 00:00:00,Judith chen,Open,2025-02-17 13:33:26.109554,2025-02-17 05:35:13.173347,-1,371.1000,C,9999-12-31 00:00:00,,,Data_Collect_TW : store_20250217.csv,0013163268,,,,,,,,
384,TWN_1016,DSBH_TWN_1016,Tainan City T.S. Mall DS,2,22,Taiwan,APAC,Taiwan,Tainan,BH,1016,164.3000,,,,,,,,2018-02-08 00:00:00,Judith chen,Open,2025-02-17 13:33:26.109554,2025-02-17 05:35:13.173347,-1,164.3000,C,9999-12-31 00:00:00,,,Data_Collect_TW : store_20250217.csv,0013163268,,,,,,,,
2219,TWN_1801,DSBH_TWN_1801,"Kaohsiung  Mall E Sky Land DS ",2,22,Taiwan,APAC,Taiwan,Kaohsiung,BH,1801,136.1000,,,,,,,,2020-03-20 00:00:00,Judith chen,Open,2025-02-17 13:33:26.109554,2025-02-17 05:35:13.173347,-1,136.1000,C,9999-12-31 00:00:00,,,Data_Collect_TW : store_20250217.csv,0013163268,,,,,,,,
1947,TWN_1770,DSBH_TWN_1770,Taoyuan Far Eastern DS,2,22,Taiwan,APAC,Taiwan,Taoyuan,BH,1770,94.5000,,,,,,,,2020-04-16 00:00:00,Judith chen,Open,2025-02-17 13:33:26.109554,2025-02-17 05:35:13.173347,-1,94.5000,C,9999-12-31 00:00:00,,,Data_Collect_TW : store_20250217.csv,0013163268,,,,,,,,
362,EC-TW,EC-TW,EC-TW,2,0,Taiwan,,,,EC-TW,EC-TW,0.0000,,,,,,,,2021-04-07 00:00:00,,open,2025-02-17 05:34:19,2025-02-17 05:35:13.173347,-1,0.0000,,9999-12-31 00:00:00,,,EC_UBH : TableName:UBH_DIM_STORE_EC,,,,,,,,,
3769,TWN_MOMO,TWN_MOMO,MOMO,2,0,Taiwan,,,,EC-TW,MOMO,0.0000,,,,,,,,2019-01-02 00:00:00,,open,2025-02-17 05:34:19,2025-02-17 05:35:13.173347,-1,0.0000,,9999-12-31 00:00:00,,,EC_UBH : TableName:UBH_DIM_STORE_EC,,,,,,,,,
3768,TWN_PCHOME,TWN_PCHOME,PCHOME,2,0,Taiwan,,,,EC-TW,PCHOME,0.0000,,,,,,,,2019-04-19 00:00:00,,open,2025-02-17 05:34:19,2025-02-17 05:35:13.173347,-1,0.0000,,9999-12-31 00:00:00,,,EC_UBH : TableName:UBH_DIM_STORE_EC,,,,,,,,,
1949,TWN_1447,DSBH_TWN_1447,"Taipei FE��21 Xin-Yi A13 DS ",2,22,Taiwan,APAC,Taiwan,Taipei,BH,1447,137.5000,,,,,,,,2019-12-25 00:00:00,Judith chen,close,2025-02-17 13:33:26.109554,2025-02-17 05:35:13.173347,-1,137.5000,C,2022-09-30 00:00:00,,,Data_Collect_TW : store_20250217.csv,0013163268,,,,,,,,
3042,TWN_1958,DSBH_TWN_1958,Hsinchu Zhubei Far Eastern DS,2,22,Taiwan,,Taiwan,Hsinchu,BH,1958,124.1000,,,,,,,,2022-01-14 00:00:00,Judith chen,Open,2025-02-17 13:33:26.109554,2025-02-17 05:35:13.173347,-1,124.1000,,9999-12-31 00:00:00,,,Data_Collect_TW : store_20250217.csv,,,,,,,,,
3770,TWN_SHOPEE,TWN_SHOPEE,SHOPEE,2,0,Taiwan,,,,EC-TW,SHOPEE,0.0000,,,,,,,,2019-08-25 00:00:00,,open,2025-02-17 05:34:19,2025-02-17 05:35:13.173347,-1,0.0000,,9999-12-31 00:00:00,,,EC_UBH : TableName:UBH_DIM_STORE_EC,,,,,,,,,
56,TWN_0228,DSBH_TWN_0228,Taichung  Xitun Fengchia SF,2,22,Taiwan,APAC,Taiwan,Taichung,BH,0228,389.5000,,,,,,,,2015-02-14 00:00:00,Judith chen,Close,2025-02-17 13:33:26.109554,2025-02-17 05:35:13.173347,-1,389.5000,C,2024-02-29 00:00:00,,,Data_Collect_TW : store_20250217.csv,0013163268,,,,,,,,
124,TWN_0399,DSFH_TWN_0399,New Taipei Linkou Mitsui FH,2,22,Taiwan,APAC,Taiwan,Taipei,FH,0399,218.9000,,,,,,,,2016-01-27 00:00:00,Judith chen,Open,2025-02-17 13:33:26.109554,2025-02-17 05:35:13.173347,-1,218.9000,C,9999-12-31 00:00:00,,,Data_Collect_TW : store_20250217.csv,0013163268,,,,,,,,
203,TWN_0633,DSFH_TWN_0633,Taichung Houli Lihbao FH,2,22,Taiwan,APAC,Taiwan,Taichung,FH,0633,303.6000,,,,,,,,2016-12-29 00:00:00,Judith chen,Open,2025-02-17 13:33:26.109554,2025-02-17 05:35:13.173347,-1,303.6000,C,9999-12-31 00:00:00,,,Data_Collect_TW : store_20250217.csv,0013163268,,,,,,,,
323,TWN_0978,DSBH_TWN_0978,Taipei Shilin Chungcheng SF,2,22,Taiwan,APAC,Taiwan,Taipei,BH,0978,379.0000,,,,,,,,2017-10-16 00:00:00,Judith chen,Close,2025-02-17 13:33:26.109554,2025-02-17 05:35:13.173347,-1,379.0000,C,2023-08-24 00:00:00,,,Data_Collect_TW : store_20250217.csv,0013163268,,,,,,,,
582,TWN_0887,DSFH_TWN_0887,Taoyuan Neili FH,2,22,Taiwan,APAC,Taiwan,Taoyuan,FH,0887,661.3000,,,,,,,,2018-09-07 00:00:00,Judith chen,close,2025-02-17 13:33:26.109554,2025-02-17 05:35:13.173347,-1,661.3000,C,2022-04-18 00:00:00,,,Data_Collect_TW : store_20250217.csv,0013163268,,,,,,,,
3771,TWN_YAHOO,TWN_YAHOO,YAHOO,2,0,Taiwan,,,,EC-TW,YAHOO,0.0000,,,,,,,,2019-04-26 00:00:00,,open,2025-02-17 05:34:19,2025-02-17 05:35:13.173347,-1,0.0000,,9999-12-31 00:00:00,,,EC_UBH : TableName:UBH_DIM_STORE_EC,,,,,,,,,
3827,TWN_3077,DSFH_TWN_3077,Kaohsiung Skm Park FH,2,22,Taiwan,,Taiwan,Kaohsiung,FH,3077,317.6000,,,,,,,,2024-12-18 00:00:00,Judith chen,Open,2025-01-21 01:11:13.176759,2025-01-20 17:13:07.352513,-1,317.6000,,9999-12-31 00:00:00,,,Data_Collect_TW : store_20250120.csv,,,,,,,,,
137,TWN_0434,DSBH_TWN_0434,Taipei Shilin Dayeh Takashimaya DS,2,135,Taiwan,,,,BH,,,,,,,,,,2010-01-01 00:00:00,,open,2022-06-12 22:31:20.003,2022-06-20 16:38:07.58,-1,,,,,,SPS,0013163268,,,,,,,,
393,TWN_1067,DSFH_TWN_1067,Taichung Dali FH,2,135,Taiwan,,,,FH,,,,,,,,,,2017-12-14 00:00:00,,Closed,2022-06-12 22:31:20.003,2022-06-20 16:38:07.58,-1,,,2020-11-14 00:00:00,,,SPS,0013163268,,,,,,,,
287,TWN_0849,DSBH_TWN_0849,New Taipei Xinzhuang Zhongzheng FH,2,135,Taiwan,,,,BH,,,,,,,,,,2017-06-28 00:00:00,,Closed,2022-06-12 22:31:20.003,2022-06-20 16:38:07.58,-1,,,2020-07-12 00:00:00,,,SPS,0013163268,,,,,,,,
253,TWN_0734,DSBH_TWN_0734,Taoyuan Taoyuan Taohuayuan SF,2,135,Taiwan,,,,BH,,,,,,,,,,2010-01-01 00:00:00,,open,2022-06-12 22:31:20.003,2022-06-20 16:38:07.58,-1,,,,,,SPS,0013163268,,,,,,,,
129,TWN_0409,DSBH_TWN_0409,Kaohsiung Chiancheng Taroko FH,2,135,Taiwan,,,,BH,,,,,,,,,,2016-05-07 00:00:00,,Closed,2022-06-12 22:31:20.003,2022-06-20 16:38:07.58,-1,,,2021-03-14 00:00:00,,,SPS,0013163268,,,,,,,,
300,TWN_0886,DSBH_TWN_0886,Taipei Xinyi Chungxiao SF,2,135,Taiwan,,,,BH,,,,,,,,,,2017-09-02 00:00:00,,Closed,2022-06-12 22:31:20.003,2022-06-20 16:38:07.58,-1,,,2020-02-23 00:00:00,,,SPS,0013163268,,,,,,,,
135,TWN_0423,DSBH_TWN_0423,Taipei Shilin Dadong SF,2,135,Taiwan,,,,BH,,,,,,,,,,2016-02-04 00:00:00,,Closed,2022-06-12 22:31:20.003,2022-06-20 16:38:07.58,-1,,,2020-07-26 00:00:00,,,SPS,0013163268,,,,,,,,
383,TWN_1015,DSFH_TWN_1015,Yunlin Douliou FH,2,135,Taiwan,,,,FH,,,,,,,,,,2017-12-08 00:00:00,,Closed,2022-06-12 22:31:20.003,2022-06-20 16:38:07.58,-1,,,2020-11-22 00:00:00,,,SPS,0013163268,,,,,,,,
399,TWN_1080,DSBH_TWN_1080,Taichung Xitun Fengchia 2 SF,2,135,Taiwan,,,,BH,,,,,,,,,,2010-01-01 00:00:00,,open,2022-06-12 22:31:20.003,2022-06-20 16:38:07.58,-1,,,,,,SPS,0013163268,,,,,,,,
26,TWN_0175,DSBH_TWN_0175,New Taipei Panchiao Far Eastern Chungshan DS,2,135,Taiwan,,,,BH,,,,,,,,,,2010-01-01 00:00:00,,open,2022-06-12 22:31:20.003,2022-06-20 16:38:07.58,-1,,,,,,SPS,0013163268,,,,,,,,
222,TWN_0653,DSFH_TWN_0653,Hsinchu East Zhongzheng FH,2,135,Taiwan,,,,FH,,,,,,,,,,2010-01-01 00:00:00,,open,2022-06-12 22:31:20.003,2022-06-20 16:38:07.58,-1,,,,,,SPS,0013163268,,,,,,,,
241,TWN_0682,DSBH_TWN_0682,Taipei Zhongzheng Gongguan SF,2,135,Taiwan,,,,BH,,,,,,,,,,2010-01-01 00:00:00,,open,2022-06-12 22:31:20.003,2022-06-20 16:38:07.58,-1,,,,,,SPS,0013163268,,,,,,,,
316,TWN_0965,DSFH_TWN_0965,Changhwa Yuanlin FH,2,135,Taiwan,,,,FH,,,,,,,,,,2017-09-15 00:00:00,,Closed,2022-06-12 22:31:20.003,2022-06-20 16:38:07.58,-1,,,2020-10-25 00:00:00,,,SPS,0013163268,,,,,,,,
392,TWN_1066,DSFH_TWN_1066,Taichung Fengyuan FH,2,135,Taiwan,,,,FH,,,,,,,,,,2017-12-22 00:00:00,,Closed,2022-06-12 22:31:20.003,2022-06-20 16:38:07.58,-1,,,2020-10-25 00:00:00,,,SPS,0013163268,,,,,,,,
279,TWN_0834,DSBH_TWN_0834,Taoyuan Zhongli  Jianguo SF,2,135,Taiwan,,,,BH,,,,,,,,,,2010-01-01 00:00:00,,open,2022-06-12 22:31:20.003,2022-06-20 16:38:07.58,-1,,,,,,SPS,0013163268,,,,,,,,
368,TWN_0918,DSBH_TWN_0918,New Taipei City Xindian SF,2,135,Taiwan,,,,BH,,,,,,,,,,2017-11-04 00:00:00,,Closed,2022-06-12 22:31:20.003,2022-06-20 16:38:07.58,-1,,,2020-02-02 00:00:00,,,SPS,0013163268,,,,,,,,
179,TWN_0588,DSBH_TWN_0588,Taipei Xinyi Breeze DS,2,25,Taiwan,TW,Taipei,Taipei,BH,,,,,,,,,,2016-01-21 00:00:00,,closed,2017-12-01 10:37:19,2020-06-30 16:31:46.96,26197,205,B,2018-03-31 00:00:00,,,ALLOCATION,,,,,,,,,